{
  "Normal": {
    "precision": 0.8888888888888888,
    "recall": 0.7272727272727273,
    "f1-score": 0.8,
    "support": 11.0
  },
  "Tumor": {
    "precision": 0.7272727272727273,
    "recall": 0.8888888888888888,
    "f1-score": 0.8,
    "support": 9.0
  },
  "accuracy": 0.8,
  "macro avg": {
    "precision": 0.8080808080808081,
    "recall": 0.8080808080808081,
    "f1-score": 0.8,
    "support": 20.0
  },
  "weighted avg": {
    "precision": 0.8161616161616161,
    "recall": 0.8,
    "f1-score": 0.8,
    "support": 20.0
  }
}